{"thresholds": [0, 250, 500, 750, 1000, 1250, 1500, 1750, 2000, 2250, 2500, 2750, 3000, 3250, 3500, 3750, 4000, 4250, 4500, 4750, 5000], "count_below_threshold": [0, 0, 0, 0, 0, 0, 0, 0, 99, 119, 169, 312, 689, 1534, 2655, 4564, 6522, 10548, 12887, 15050, 16280], "average_below_threshold": [0, 0, 0, 0, 0, 0, 0, 0, 1857.7575757575758, 1891.2521008403362, 2032.9585798816568, 2288.4903846153848, 2629.044992743106, 2888.5593220338983, 3086.40790960452, 3305.321866783523, 3467.2701625268323, 3697.214637846037, 3820.5592457515327, 3927.868172757475, 3998.483538083538]}